seed,air_pocket,centroid_offset_mm,defect,expert_grasp_angle,flatness_mm,fold,max_lift_mm,max_stretch_pct,membrane_offset,membrane_yaw,mode,on_target,overhang,plate_offset,success,tear,transfer_time_s,wall_s
1000,False,1.1587117582872384,flat,3.030365714418877,0.0038091338716075064,False,2.4090658714420732e-05,0.3057468079682657,"[-0.002772244678669533, -0.0003747662988990429]",2.9590145814719326,transfer,True,False,"[0.00126327176737786, 0.004176059070950495]",True,False,14.138000000000627,114.4631566000171
1001,False,0.44993003740666504,flat,3.0339851415901458,0.003831117282095852,False,0.002114979181587484,0.305690531006797,"[-0.0003428332540571924, -0.00029316108688578194]",1.1792883917752939,transfer,True,False,"[0.001038720467761636, -0.0012900428766108366]",True,False,14.110000000000642,105.89418090000981
1002,False,0.6962295489088125,flat,3.161354684220458,0.0038245887311829842,False,0.00036584077751922184,0.30574168377521804,"[-0.0015759917325923166, 0.0014647265529839143]",4.697386726069344,transfer,True,False,"[-0.0026771958064009706, 0.0022292028483232246]",True,False,14.230000000000572,107.06632949999766
1003,False,1.8383632340131797,flat,3.2219078861200767,0.0052990761045540544,False,0.0015986083511092958,0.3056747191427567,"[0.0006952814369383934, 0.0016862654073083563]",3.108161880358474,transfer,True,False,"[-0.0027662716088573324, -0.004407244536710963]",True,False,14.094000000000651,109.2544316999847
1004,False,0.6513418313868892,flat,3.262946050039548,0.004112161734680177,False,0.00023420859860713572,0.3059401222302416,"[0.0012987337621015805, 7.184730445787303e-06]",0.8700789470210494,transfer,True,False,"[-0.003459094191665719, 0.003221633801050647]",True,False,14.254000000000556,108.85956780001288
1005,False,0.7511021563510293,flat,3.3132125748328876,0.0048149155435164735,False,0.0032662050800085635,0.305886771167696,"[0.0030195828346783627, 0.0017152852747785387]",1.8050587860277387,transfer,True,False,"[-0.0035324961762742174, -0.004192136549326029]",True,False,14.226000000000571,115.51681400003145
1006,False,0.8447287460174226,flat,3.082208909460107,0.0036755804565767646,False,0.0014954830878221442,0.30585579044948297,"[-0.0014493934088197177, 0.0023846099760995478]",1.8713292444659357,transfer,True,False,"[0.0004185601889551714, 0.005349441297013029]",True,False,14.280000000000546,116.14083300001221
1007,True,6.799338839845553,bubble,3.283914028172391,1.1283073039918383,False,3.5343504255635203,0.845812002923596,"[0.0029316984106703223, 0.0014072134530266716]",4.039638985937328,transfer,False,False,"[0.0015160766646135318, 0.004347296644308326]",False,False,14.148000000000616,156.29825589997927
1008,False,0.7978806215579445,flat,3.2655319013903634,0.00582603282824222,False,0.0005131117161768367,0.3057833526280085,"[0.0016126847506565006, 0.002817159133873157]",1.3661707578174123,transfer,True,False,"[0.00591844174730275, -0.0006056609224140483]",True,False,14.248000000000562,112.64596970001003
1009,False,0.35063960212724343,flat,3.1808245474802788,0.0040804050616358245,False,0.0020415123278289676,0.305775024049626,"[0.0019300074447028892, 0.0007154699711600152]",0.31322597403973956,transfer,True,False,"[-0.0010663100438680045, 0.005347282889424618]",True,False,14.156000000000613,111.1528193000122
1010,False,1.7354350869865154,flat,3.2302048017362557,0.00552777558337571,False,0.0009326356856520501,0.30566251307362347,"[0.002179557390038815, 0.0014810711867957872]",5.765932966239059,transfer,True,False,"[0.005490443535323258, -0.0006422874704305306]",True,False,14.218000000000579,111.84550270001637
1011,False,0.7698562552069966,flat,3.1047515298621104,0.004378464954524779,False,0.0020601136095210054,0.3057573865067109,"[-0.0005749091341273034, 0.0026401046395358573]",1.33580604236235,transfer,True,False,"[0.0016738484234518586, 0.0009483308204984255]",True,False,14.118000000000636,116.51938259997405
1012,False,1.5812411507871424,flat,3.201060166632349,0.004350761506679815,False,0.00219991262158728,0.30576154251984455,"[-0.0011022338514286524, 0.002983665793332682]",1.4981402080361623,transfer,True,False,"[0.0026955108932784316, -0.003241661905327143]",True,False,14.104000000000639,116.71190910000587
1013,False,1.5825457725391587,flat,3.0478200575161196,0.0031721086988772823,False,0.001452062571927551,0.30571904780236636,"[0.0002791635327888641, -0.0009724410900220126]",4.226444860769286,transfer,True,False,"[-0.004790933452501443, 0.0016379995202245674]",True,False,14.230000000000576,110.27785019995645
1014,False,0.4654045014209218,flat,3.045459480581426,0.00408653049341551,False,-8.593237950035859e-05,0.3057719478384513,"[-0.0025321155363821368, 0.0010858603902461753]",5.642079281612756,transfer,True,False,"[0.004286046512181559, -0.00019994839635812306]",True,False,14.198000000000594,76.85242340003606
1015,False,0.8910373281692134,flat,3.0143715000039273,0.0041184937967715125,False,0.0006271284025451129,0.3057396927471867,"[-0.0017866074787068846, 0.0021623211546345474]",4.029438906258114,transfer,True,False,"[0.0008740774061931158, 0.0005775899472608199]",True,False,14.134000000000633,75.94840670004487
1016,False,1.566706532326077,flat,3.1358498732913107,0.0030436580344657452,False,0.001395326404718747,0.30572521500011884,"[0.00033017008938841807, 0.0023724042312927027]",2.2218848313152733,transfer,True,False,"[-0.003390383220350236, -0.0018557776887780696]",True,False,14.218000000000584,77.04559150000568
1017,False,1.2048543879303149,flat,3.1116146258301693,0.004347117902965078,False,0.0014145510913825265,0.30576072515888786,"[0.0028425944944368976, -0.0016012862400243365]",6.110896546364497,transfer,True,False,"[-0.0012737084746804147, -0.0009207861090757545]",True,False,14.286000000000536,73.53232370002661
1018,False,1.1533354565453013,flat,3.205128136075139,0.00484770376662131,False,0.002529653842538518,0.30585078908547114,"[-0.0020170810906249433, -0.0013519073543893081]",5.475883254532775,transfer,True,False,"[0.001716495898971663, -0.004008783909861301]",True,False,14.230000000000569,74.84821890003514
1019,False,0.5022201091711204,flat,3.2153440976815566,0.005805491792886836,False,0.0005297899598744049,0.3058010282660728,"[0.00046738256589746687, 0.0022166752937220527]",2.9335197209759545,transfer,True,False,"[0.0013126912402696817, -0.002432772465634798]",True,False,14.204000000000587,73.20040239999071
1020,False,0.30903254254327656,flat,3.117875175817771,0.004530981545760004,False,8.804889920638326e-05,0.30576979281773387,"[-0.0016877199738168291, -0.0009099631506137009]",0.4755917525075713,transfer,True,False,"[-0.00047748661809802253, -0.0017227103437445043]",True,False,14.21600000000058,72.99760379997315
1021,False,0.39468568931146153,flat,3.3045983647472816,0.004878679263797515,False,0.0031939287080343798,0.3057675469459342,"[-0.0007210332068496918, 0.0007265985297959242]",6.229548114438849,transfer,True,False,"[0.0019026381732060386, 0.0016332334065380085]",True,False,14.242000000000559,70.4975442000432
1022,False,1.9010023674972072,flat,3.228925778781367,0.004100259580639477,False,0.0012109112674726918,0.30572541264493047,"[0.0034500073666491405, 1.1416153276543176e-05]",3.705913421984965,transfer,True,False,"[-0.0026139265476991117, -0.003416910260275126]",True,False,14.132000000000625,102.49482859997079
1023,False,0.44522382941017824,flat,3.057941814108847,0.004837924326763159,False,0.0011445891832870259,0.3057539746204929,"[-0.001815371526690104, 0.002906006508381275]",5.715197614975505,transfer,True,False,"[-9.496249210977451e-05, -0.005442670824818552]",True,False,14.184000000000601,73.48000909999246
1024,False,2.3257631503195255,flat,2.9767195674184674,0.0029135131160914385,False,-0.0007251350115557859,0.30578974781534374,"[-0.000804618154913631, 0.0016434238779696588]",2.326737749731555,transfer,True,False,"[0.00355544568874057, -0.0031325760490226134]",True,False,14.170000000000615,75.07213809998939
1025,False,1.3690030080974172,flat,3.193247202726165,0.004209278048609207,False,0.0006271189508279262,0.30572536616004786,"[0.0012337750367347644, -0.0025748274297437853]",1.018786758504687,transfer,True,False,"[-0.00015095193705672955, 0.0031061220210639854]",True,False,14.150000000000613,70.1365797999897
1026,False,1.0919779554267843,flat,3.1384489419273995,0.004449596386955856,False,0.0024116349034951357,0.3057230816983836,"[0.0013266290124310872, 0.00243983098024609]",1.2225202206166552,transfer,True,False,"[0.004417685032210375, 0.001003686867529779]",True,False,14.210000000000589,76.41825350001454
1027,False,0.5376097038535146,flat,3.318671583912569,0.004029119837978862,False,0.00033374743436086207,0.3057119727729152,"[0.002657561732990216, 0.0004719885315819502]",3.55101795853787,transfer,True,False,"[0.00569553687199372, 0.0004128295783952323]",True,False,14.178000000000598,79.58295969996834
1028,False,0.4077452873934971,flat,3.13241573717724,0.005418895816890429,False,0.0020788191216151303,0.3057026725183487,"[0.0009033759352899826, -0.0020461390540171443]",4.243111456318666,transfer,True,False,"[0.002295507258826287, 0.004989941807418595]",True,False,14.284000000000537,85.29030400002375
1029,False,0.5657978478838979,flat,3.13812524401334,0.0035571322432680933,False,0.0015131281925189616,0.3058065447019809,"[0.001693698963305111, -0.0027922456853131964]",0.3091109532051812,transfer,True,False,"[0.0014672235922282455, 0.0033338437355847983]",True,False,14.162000000000605,106.30600380001124
1030,False,0.5650406698030975,flat,3.2116603971722393,0.004894726819413924,False,0.0017562987899306243,0.3057988287185065,"[4.709954505291266e-05, 0.0005693912727572695]",5.107093209079615,transfer,True,False,"[-0.005320965936882872, -0.0027123100723473997]",True,False,14.234000000000567,81.54397070000414
1031,False,1.590005228815537,flat,3.217170061771414,0.004262124537586919,False,0.001814305954824999,0.30572824688852585,"[-0.0012392282752445886, -0.003283697097173543]",4.160440502040578,transfer,True,False,"[-0.0011656491395312452, -0.002405388656691639]",True,False,14.122000000000629,85.73793970001861
1032,False,0.3803665124205076,flat,3.0911036163066545,0.004814223368129464,False,0.0005597818971778828,0.3057691417356567,"[0.0012542517823441236, -0.0012117922539363105]",6.2611416656575605,transfer,True,False,"[-0.001060423970296256, -0.004530776132118342]",True,False,14.240000000000565,85.88105030002771
1033,False,1.6630084231459483,flat,3.2804943895167193,0.006151088393955753,False,0.0008764247626837085,0.3056753580463978,"[0.0015858517401982422, -0.002966331391762929]",5.784688374039176,transfer,True,False,"[-0.003148083234692886, -0.0031750096256944237]",True,False,14.27800000000054,97.75269140000455
1034,False,0.7245262675463016,flat,3.0123221400545654,0.003503522873693876,False,0.0014382155626678494,0.3058128343271127,"[0.0014338644171290485, -0.00017874764389548903]",0.48742505769975825,transfer,True,False,"[0.004841389491527266, -0.0026329558031773586]",True,False,14.246000000000564,84.79018130002078
1035,False,1.7856440394677184,flat,2.963433896781738,0.004251128785310825,False,0.0011471962181267698,0.3057394087684573,"[-0.0009436687521731346, 0.002008985544975112]",4.959923766360567,transfer,True,False,"[0.004058256666181768, -0.0015058365950235105]",True,False,14.102000000000652,82.51165429997491
1036,False,0.38643608198540685,flat,3.095306282132053,0.0041394562389121675,False,0.0013244180646493353,0.3057295784199665,"[-0.000880526874315088, 0.003099132392123789]",3.1207571735102673,transfer,True,False,"[0.0030125915035098434, 0.0007984250311809325]",True,False,14.230000000000576,103.30619539995678
1037,False,0.5766953410038437,flat,3.2336840792782837,0.003862843233776841,False,0.0014121651245695144,0.30580994344413526,"[-0.0008785908390291196, 0.0017981883383814759]",3.826652877197467,transfer,True,False,"[-0.004383159413779571, 0.001282232026080792]",True,False,14.244000000000561,87.58994689997053
1038,False,1.075857019112287,flat,3.185845866108249,0.0037325784258409535,False,0.0018103941298152487,0.30576102632120516,"[-0.0005240758990218943, 0.0010010885485268975]",2.4738676768421684,transfer,True,False,"[-0.0033075617018715224, 0.0030200800112059186]",True,False,14.152000000000612,95.44413750001695
1039,False,0.6965766235001664,flat,3.280430401253022,0.0036218823040925305,False,0.000885326336949599,0.3057412241516344,"[0.0017007139445649312, -0.0018265873813849318]",3.480221266209198,transfer,True,False,"[0.00037277856993825576, -0.005001427292380503]",True,False,14.26200000000055,88.14137270004721
1040,False,1.413994184411247,flat,3.2605422102818853,0.004250089410266958,False,0.00011797469628808954,0.3057521994160206,"[0.001536779734976656, -0.002787493515261565]",4.471511473095338,transfer,True,False,"[-0.001126568926077659, -0.002488890967059971]",True,False,14.286000000000536,105.34830190002685
1041,False,0.6162486053601494,flat,3.142023542237173,0.005784831180308433,False,0.0017372695808853117,0.3058397216149089,"[0.001857922957995309, -0.0013240724533785631]",5.553425934298529,transfer,True,False,"[-0.0045805357106115194, 0.0017048139649023526]",True,False,14.162000000000607,90.84936860000016
1042,False,3.8935203469033257,misaligned,3.1720506862184825,0.005276217229101263,False,0.0014699625669224725,0.3057497397898512,"[-0.0013722474675940321, 0.0017148647486760237]",3.6191377481085927,transfer,False,False,"[-4.7102280705805826e-05, -0.0025775271138401405]",False,False,14.194000000000596,101.90018090000376
1043,False,1.38776836887907,flat,3.1740621966095097,0.003815686842780295,False,0.0016368779500695874,0.3057568162196933,"[0.0005709197413929744, 0.000998399735935696]",2.5020576111467836,transfer,True,False,"[0.0015060254333954227, -0.0016893577331947131]",True,False,14.126000000000626,84.29108340002131
1044,False,0.9735595600576281,flat,3.247328241934951,0.003642325802113131,False,7.892011135227084e-05,0.305768849020005,"[0.003325456515184981, 0.00025899633436044243]",0.20143912647247353,transfer,True,False,"[0.004711683582371042, -0.0024203104687767073]",True,False,14.230000000000565,90.72182690002955
1045,False,0.5862016457984688,flat,3.1589154729784386,0.006242330707774645,False,0.0005350860732625251,0.3058068799065339,"[0.0011481991304151745, -0.0016126116359474027]",4.520313896628195,transfer,True,False,"[-0.004855470376524384, -0.0018942660338656285]",True,False,14.148000000000613,92.34226279996801
1046,False,0.9617712988094697,flat,3.113753448248006,0.004431598407785414,False,0.0021852495619891638,0.30573380585994236,"[0.0027637501023951017, 0.001703515069263677]",4.115303316446768,transfer,True,False,"[-0.003287562511175955, 0.0006595135880911132]",True,False,14.128000000000632,86.92161939997459
1047,False,0.4615789833334574,flat,3.0589140688274212,0.0049714490413369184,False,0.0038579234512940708,0.30578485149446166,"[-0.002216321588747798, -0.0007722711086117619]",2.0685392131669444,transfer,True,False,"[-0.004786902214758136, -0.00230124444361691]",True,False,14.274000000000546,96.0102659999975
1048,False,0.6545130599728762,flat,2.99763481984128,0.0039489820161341125,False,0.0004501112851797856,0.3057860032512183,"[-0.00016909684827926056, -0.0012274663389646337]",5.915685196796643,transfer,True,False,"[0.0010071884142734625, 0.004980223501508719]",True,False,14.294000000000537,89.65239870001096
1049,False,1.7095444111933438,flat,3.150933786063355,0.004106260559006973,False,0.00027796389476426875,0.30593925992585813,"[-0.00013669218810917334, 0.002659060890429938]",4.88647878507452,transfer,True,False,"[-0.0004992216706054486, -0.0038784442289625846]",True,False,14.184000000000603,91.61924969998654
1050,False,1.9055737082380744,flat,3.2418657520705034,0.004145641919625695,False,0.0007756716691106891,0.3057748209606137,"[-0.0019649045983020853, 5.818952895234078e-06]",6.258265561533901,transfer,True,False,"[0.002795051758638588, 0.0016588739486916022]",True,False,14.116000000000636,99.78572280000662
1051,False,1.1154665011628506,flat,3.1445746086571065,0.004584710437061077,False,0.0015828353469478362,0.3056831245366709,"[0.00021200482295483927, -0.0015910067485285187]",1.2242756766073364,transfer,True,False,"[0.0019054808843321058, 0.004706350695761779]",True,False,14.25400000000056,92.37929920002352
1052,False,1.4731114014114048,flat,3.017293649428693,0.0043708748825456245,False,0.002358645863799122,0.3057906982896208,"[-0.0004942407767939609, 0.002449211133770891]",2.6161022609830256,transfer,True,False,"[0.00517795756411898, -0.002304951479060083]",True,False,14.144000000000624,111.02879640000174
1053,False,0.44713190267358927,flat,3.082172737565932,0.003117207376329394,False,0.0009682078015819939,0.3057703506741172,"[0.0011228254413405512, -0.0016453955078399509]",5.20493234313868,transfer,True,False,"[0.003462489604917822, 0.004102007399796395]",True,False,14.280000000000543,89.31747379997978
1054,False,0.3244749310104132,flat,3.0188508397496037,0.0038048907700158055,False,0.0009143835114529264,0.30575782545063657,"[0.003186639623681644, 0.0005327720149916426]",3.023207302515068,transfer,True,False,"[-0.00042179834244843753, -0.0037628685121110475]",True,False,14.250000000000565,96.3228412999888
1055,False,0.269161711666621,flat,3.0943092105101444,0.003441128090222538,False,-0.0003208150408263305,0.30574104262857116,"[0.0003186521708779449, -0.0010327479893072543]",3.665340123516325,transfer,True,False,"[-0.00012796772298634968, 9.186900776275272e-05]",True,False,14.236000000000567,94.96987219998846
1056,False,1.569606282872675,flat,3.245672227544221,0.005702658856120386,False,-0.00010970685198653796,0.30589145741541923,"[0.0011114062243449058, -0.0005948930841998413]",2.893850344707051,transfer,True,False,"[-0.004465000114228632, -0.0026289189174706967]",True,False,14.226000000000573,90.42705210001441
1057,False,1.8392846386844703,flat,3.224758269128041,0.003922295803906268,False,0.0013733122356130584,0.3057469835070492,"[-0.002029101793731184, 0.0014922073003700346]",2.0538177482241777,transfer,True,False,"[0.001704659497030562, 0.003258401415198655]",True,False,14.118000000000636,86.71380409999983
1058,False,1.3338789632645542,flat,3.281714100550832,0.0038462297857413804,False,0.0009711259267974198,0.30575520962128344,"[0.0013782128091377767, 0.0003884630883599833]",2.9837336740182736,transfer,True,False,"[0.0010379752067301087, -0.004050858320130973]",True,False,14.110000000000635,113.21081359998789
1059,False,0.2287653383881367,flat,3.302071910295651,0.0043975182959031306,False,0.0009216742271767747,0.3057980552543471,"[-0.001957783499173463, 0.0006263527956467336]",2.7198515946812942,transfer,True,False,"[-0.0017964823449045566, 0.004242440512455522]",True,False,14.280000000000541,84.1154406000278
1060,False,0.334948704501661,flat,2.996143698099075,0.003564245811043771,False,0.001556878090676339,0.3057739601653786,"[0.001055758961797412, -0.00010311723888456374]",5.812352866510845,transfer,True,False,"[-0.002720057658104423, 0.0009991516745022574]",True,False,14.238000000000573,90.99022889998741
1061,False,0.2734488034175676,flat,3.156659102772214,0.00568593668612392,False,0.0024013287340512307,0.3057660482150393,"[-0.001995897041070915, -0.001771861415153457]",1.8696697286559127,transfer,True,False,"[1.3800868440115324e-05, 0.002576882635271096]",True,False,14.248000000000557,123.46034360001795
1062,False,0.9926488464637032,flat,2.9738460549602532,0.0038505831417984283,False,-8.152257432308962e-05,0.305699081242472,"[-0.0008587200523690295, -0.0012335875321111858]",4.802157403168738,transfer,True,False,"[-0.003507336794689362, 0.004506914340485998]",True,False,14.282000000000545,121.84552560001612
1063,False,0.6361505869942508,flat,3.1791523274449665,0.005446980293321545,False,0.0018582787718428306,0.30585320652027903,"[0.003136053747632619, -0.0007593574758832106]",1.875558087270435,transfer,True,False,"[0.003868583592202164, -0.0011808657632635178]",True,False,14.224000000000572,95.67704229999799
1064,False,1.2778993342185885,flat,3.058487647112874,0.004017935049410033,False,0.001027308008992242,0.3057175813622415,"[-0.0001197539234487126, 0.00236152934257654]",0.8960893607541359,transfer,True,False,"[0.0019055267117330168, 0.0007757457884514766]",True,False,14.106000000000648,92.1747915999731
1065,False,0.7442992709774765,flat,2.9950212566079557,0.004248330337966486,False,0.0012131330479753233,0.30577223727421554,"[0.0016234295514039963, -2.2536725548316965e-05]",5.314434714256274,transfer,True,False,"[-0.0011971764265333899, -0.004018994129473304]",True,False,14.100000000000648,125.01907389995176
1066,False,0.9017654619858075,flat,3.218273578003033,0.005311762193711007,False,0.0004548307410579683,0.30577291910682813,"[-0.002530894089372262, 0.001478332615240625]",0.168726275753109,transfer,True,False,"[-0.003492137737682527, 0.0040474853035730755]",True,False,14.260000000000552,110.90424030000577
1067,False,0.6046994971478091,flat,3.0935232641974686,0.004231491577208723,False,0.0012771609746095591,0.3057154942515794,"[0.0030955733624855077, -0.0016628982640144664]",0.03179914145800562,transfer,True,False,"[-0.003924052768677837, -0.0019390036192651603]",True,False,14.292000000000534,121.2734613000066
1068,False,1.6429891143978783,flat,3.0144557456940895,0.0036824831279709132,False,0.00034009130484013994,0.30572649855342693,"[0.0012369147124016676, -0.0029014608093600267]",1.0572753723941646,transfer,True,False,"[-0.00297187348893362, -0.00028811892003643676]",True,False,14.228000000000577,105.26499240001431
1069,False,1.6655672715789775,flat,3.1733244171384616,0.005755781931978414,False,0.001883222321797523,0.30573254184966814,"[0.0034555484892682944, -0.00011065145024461151]",0.9951688320991003,transfer,True,False,"[4.5305341027744774e-05, 0.005452798351342965]",True,False,14.152000000000616,124.98625780001748
1070,False,2.8578379256867006,flat,3.1220390139420013,0.004190880146825046,False,0.003180680713452816,0.3057024638461803,"[0.000584539540191716, 0.0035094421942931846]",0.611828052027605,transfer,True,False,"[-0.00323244846117702, -0.0038167656272993246]",True,False,14.126000000000632,138.61570199998096
1071,False,0.4852689732098448,flat,3.2593919439664116,0.0044488082696367195,False,0.002413997884262789,0.3057222849928376,"[0.00018230090216444643, 0.0033595692127762256]",1.4607310378035743,transfer,True,False,"[0.003250098222185176, -0.0010118426401729461]",True,False,14.114000000000637,118.35368790000211
1072,False,0.7168943612632399,flat,3.1461756575233255,0.0040231178925609805,False,0.00035554787006057686,0.3059471155045568,"[-0.0029561915853513806, -0.0003499420638596707]",5.57383098792433,transfer,True,False,"[-0.004027272553035129, 0.0016835389585096337]",True,False,14.148000000000614,122.5903497999534
1073,False,1.2909013231841413,flat,3.129687813072157,0.004511714656782513,False,0.002524087346021317,0.30572770299306384,"[-0.0015615962491059962, 0.003091549523982356]",3.770164413348869,transfer,True,False,"[-0.0033263602279997046, -0.0020992566947010487]",True,False,14.21600000000058,138.6700569000095
1074,False,0.7145656372906044,flat,3.0921064292589393,0.003495894273153374,False,0.001499398515583672,0.3057501415939301,"[0.002147354353795951, -1.609766900460178e-06]",6.205314143926978,transfer,True,False,"[0.002181841268081096, -0.003691978926590417]",True,False,14.108000000000642,115.04301999998279
1075,False,1.8160681539688814,flat,3.084654603682555,0.004815492503064678,False,0.0023822046837512767,0.30577483212965717,"[0.0008259215544640511, -0.0034542939556629197]",0.8198266088971083,transfer,True,False,"[-0.0001540501266750204, 0.002697563246374492]",True,False,14.274000000000541,138.8607169999741
1076,False,0.7105963537695492,flat,3.2162393467694184,0.003965139639288009,False,-0.00041606737411804817,0.3057520351494203,"[-0.0011499234006786979, 0.0012286331343705514]",5.295389127013586,transfer,True,False,"[-0.005071112000507066, -0.00035442852137342707]",True,False,14.228000000000572,106.3383979999926
1077,False,0.5592609953196277,flat,3.2304086145652655,0.004955326515609635,False,0.0013511343002620135,0.3057558859849374,"[0.0007501752540224541, -0.00039271769486177587]",1.453992928299561,transfer,True,False,"[-0.0015197033830243736, -0.005721707504796578]",True,False,14.11600000000063,111.0123833999969
1078,False,0.3500958256609875,flat,3.051784362440307,0.006860861629059392,False,0.002751560800691097,0.3057279455503714,"[0.0011252901875069752, -0.00087708586052559]",0.7245533313761129,transfer,True,False,"[-0.003032445085926799, 0.002743759283372605]",True,False,14.274000000000548,105.76746379997348
1079,False,0.3396648422829678,flat,3.1604396240724673,0.0055303002989303945,False,0.0011989622079947027,0.3058034066234283,"[0.003246067344965043, -0.0012447004628801876]",6.066277714903941,transfer,True,False,"[-0.0017984784801751241, 0.004090165662391113]",True,False,14.266000000000549,113.83931999997003
1080,False,1.9094145402644191,flat,3.0899289587068717,0.004042136802797813,False,0.00040405145512387164,0.3057267405268682,"[0.002775076509616486, -0.0018389335933312206]",3.50909516234507,transfer,True,False,"[-0.005916885730737641, 0.0009591233678587592]",True,False,14.144000000000622,122.53511629998684
1081,False,1.3091411102577686,flat,3.037539837289257,0.003933191158760827,False,0.002611760027091195,0.3057826464285762,"[-0.0032689747473686613, 0.0011695707764388557]",2.108571682709046,transfer,True,False,"[0.0005082535232094254, 0.00574270496592148]",True,False,14.318000000000524,109.41875879996223
1082,False,0.907865716396811,flat,3.046720832398463,0.0037194345974254643,False,0.001640153995745644,0.3058339428317902,"[-0.0007231542624896465, -0.0019923322561203704]",2.3414932818229044,transfer,True,False,"[0.0007324838545464276, -0.003987794144733353]",True,False,14.116000000000632,96.84670120000374
1083,False,1.3654618662187152,flat,3.09281655285926,0.0036396176685627255,False,0.0009391381663136078,0.30580817504264335,"[-0.0026751138027225935, 0.0018437157942179613]",0.3441924808036823,transfer,True,False,"[0.003933894405457847, 0.002429742090372831]",True,False,14.126000000000628,102.25572419998934
1084,False,0.6281344083669173,flat,2.995591597842939,0.004452617405494178,False,0.0008943129497836905,0.30567826317562385,"[0.0004500970942752657, -0.0006906896634977347]",4.337504851114529,transfer,True,False,"[0.004728779964747245, 0.001085637247188435]",True,False,14.122000000000634,97.93635319999885
1085,False,1.9036512691571663,flat,3.0138855244302163,0.004110057052294738,False,0.0011106803935907739,0.3057626323854201,"[0.0014519356695218406, -0.00195427074822848]",4.479367194904508,transfer,True,False,"[-0.004768653148225651, -0.00031413880263534815]",True,False,14.232000000000575,96.07844420004403
1086,False,1.4627666486492157,flat,3.2635074517253444,0.004065925387152798,False,0.0013179833939485491,0.3057399468422428,"[0.0007010636932022095, -0.0012028524448852447]",5.000798469067497,transfer,True,False,"[0.004608139294266782, -0.0004693377544031001]",True,False,14.224000000000572,83.51554779999424
1087,False,1.6137714075771177,flat,3.253709331458263,0.004839033803141007,False,-1.9946324245068148e-05,0.30581033546979164,"[-0.000943053791541641, 8.646800698130221e-05]",2.6684588784552155,transfer,True,False,"[0.004189473390579435, 0.0012859155325261654]",True,False,14.236000000000566,86.7335362000158
1088,False,1.0205491246861844,flat,3.019015561913884,0.003712201430142634,False,0.0017691128685985713,0.3056280619273988,"[-0.0006467683486442198, -0.00029382554821325306]",5.4573260694126615,transfer,True,False,"[-0.0023707648734694374, 0.0049194782697395125]",True,False,14.164000000000609,80.86871080001583
1089,False,0.2948354194662137,flat,3.0543416261354692,0.004185872184981751,False,0.0027941265123079817,0.3057288048257556,"[0.002624091678472206, 0.0018469021434981796]",3.752245584656051,transfer,True,False,"[0.0026174881338394723, 0.00476317670131863]",True,False,14.226000000000582,115.26624029997038
1090,False,0.7638180020819902,flat,3.317213243111821,0.003564005061736547,False,0.0017449476202944375,0.30572152217340776,"[-0.0006601718563247418, -0.001335861981625325]",2.0951558035402855,transfer,True,False,"[-0.0007779200145725288, -0.001816680683767056]",True,False,14.246000000000553,78.4109992000158
1091,False,0.8850821798725402,flat,3.284402542043788,0.004225241783298952,False,0.0020468039974887164,0.30573789494761083,"[0.0012520114221724076, 0.0006574066103982924]",3.377196309037679,transfer,True,False,"[0.00487168656400427, 0.0024615259323470876]",True,False,14.248000000000555,89.23778640001547
1092,False,1.9548677711612212,flat,2.9965850425506533,0.003810266390707069,False,8.147322139162583e-05,0.30569272559703986,"[0.0022188071824005553, 0.000283390559308569]",2.3565261739870076,transfer,True,False,"[0.0044085779434982824, -0.00032383564474588544]",True,False,14.198000000000597,89.80592999997316
1093,True,4.061277748388961,bubble,3.2746988406995565,2.1383642133581047,False,5.29873728468133,2.3256249540021923,"[-4.5426772308020957e-05, -0.0026446677189658004]",4.817652625876727,transfer,False,False,"[-0.0028829027095248587, -0.002054598965071741]",False,False,14.248000000000555,126.57944659999339
1094,False,1.3162169036276472,flat,3.0227788222166376,0.0037655028467118777,False,0.0019582644493840867,0.30569846480421603,"[-0.00019755692711913414, -0.0016685556410186465]",1.0768634917294002,transfer,True,False,"[0.000803141394105921, -0.0008857029116766788]",True,False,14.208000000000588,103.4289296999923
1095,False,1.3775203841398338,flat,3.094667730216535,0.004064345022056897,False,0.0016009360079699553,0.30572167598841293,"[-0.001907436595218555, 0.0004870068498521032]",1.9753531187000475,transfer,True,False,"[0.0047712263097130555, 0.0007551357968695855]",True,False,14.102000000000647,111.67480630002683
1096,False,0.2977156824791014,flat,3.0744202352856305,0.005588184146336877,False,0.00040836430709352556,0.30578345204952395,"[0.003309288316791984, -0.000799260113762543]",1.5255500058989233,transfer,True,False,"[0.0046747687314822525, -0.0007270466945834192]",True,False,14.222000000000577,107.09773019998102
1097,False,1.5427459753195072,flat,3.186977010083404,0.0033812387100990047,False,-0.0008926633623066588,0.30577328324279396,"[-0.0025160181740149366, 0.0006242019762296465]",1.5381662159910978,transfer,True,False,"[0.005232118467579913, 0.002926147194494061]",True,False,14.214000000000581,126.11839519999921
1098,False,1.0649692375337974,flat,3.2922681956319004,0.004495163178539193,False,0.001039950078742663,0.3057799706264186,"[-0.0021887486988535565, -0.00025367204524633785]",5.743526395096135,transfer,True,False,"[-0.004991275626490912, -0.0010440770705058755]",True,False,14.152000000000607,120.79285500000697
1099,False,0.3481229796446845,flat,3.0405213085291027,0.004191665746878635,False,0.0005562694417211855,0.3057534223364744,"[0.0024885868983391276, 0.0009482096191410162]",3.557252210890928,transfer,True,False,"[-0.0025026725813900403, -0.0037918696243459515]",True,False,14.20600000000059,132.81947779998882
