seed,air_pocket,centroid_offset_mm,defect,expert_grasp_angle,expert_speed,flatness_mm,fold,max_lift_mm,max_stretch_pct,membrane_offset,membrane_yaw,mode,on_target,overhang,plate_offset,success,tear,transfer_time_s,wall_s
7000,False,0.6050649270988313,flat,3.20062675531236,2.0,0.004107036677430803,False,0.0016513003636593748,0.30632616467791696,"[-0.002683224383736316, 0.0004977677049435371]",5.787241457923149,transfer,True,False,"[-0.00017648621027589845, 0.003771557231255232]",True,False,9.124000000000803,16.26303829997778
7001,False,0.29272760828539024,flat,3.1001213972288935,2.0,0.006016437065848056,False,0.0013434163905409746,0.30531913861795434,"[0.00034612329489149045, -0.002555339270149052]",3.8984635413772044,transfer,True,False,"[-0.0019152743061812772, -0.000996925658520932]",True,False,9.222000000000838,14.72780590003822
7002,False,1.1426751837360984,flat,3.117313755085186,2.0,0.0042601858070245415,False,0.0024988306172035735,0.30542235961836806,"[-0.0025299231689974613, -0.0002905572949841242]",0.8876348352820066,transfer,True,False,"[-0.00028165150301649494, -0.001332381125309074]",True,False,9.218000000000837,17.997291399980895
7003,True,3.4799087206895516,bubble,3.1959455285767384,2.0,0.7486963123682412,False,2.3446615494925793,1.0306699621800641,"[-0.00118209761337954, -9.90126846266687e-05]",3.982804923669436,transfer,False,False,"[0.004910467582551408, 0.00031618517233006317]",False,False,9.214000000000835,20.744280000100844
7004,False,0.7311374233066789,flat,3.2749242101632094,2.0,0.0035132570903949555,False,0.00017258693632039857,0.3056732295741327,"[-0.0004937743681389717, -0.00167338063018931]",5.845431681515713,transfer,True,False,"[0.0008887988687244279, 0.00308173400676828]",True,False,9.226000000000841,20.75263810006436
7005,False,0.3656682943448154,flat,3.2339557989216168,2.0,0.004677817155183237,False,0.0006156798643790207,0.3059673592943568,"[0.0011439703162391072, 0.002587359450490393]",3.0220829135566722,transfer,True,False,"[-0.001790750034241733, -0.002173000426984024]",True,False,9.214000000000834,16.06899310008157
7006,False,1.538675394526471,flat,2.9947958454192327,2.0,0.0040770539153271,False,0.0021012067182423627,0.30535917519984856,"[-0.0013462162261118353, 0.002130413303761315]",0.5109570771780523,transfer,True,False,"[0.0009848547132289068, -0.001661855498234566]",True,False,9.20800000000083,20.07503079995513
7007,False,0.39966967592683145,flat,3.203136061108413,2.0,0.0039685958982816445,False,0.0021899603575379484,0.3053334646883732,"[0.002034131568162681, 0.001794629626482503]",3.798641771356416,transfer,True,False,"[0.0016829715485349754, -0.002131843473514748]",True,False,9.214000000000834,21.075838800054044
7008,False,0.3284238292553821,flat,3.108215442408844,2.0,0.004735692339467388,False,0.0015725719545375827,0.30580244668882983,"[0.0020921523393819803, -0.002051889311351063]",3.126295951096224,transfer,True,False,"[-0.00295397908525839, 0.003451749320233011]",True,False,9.234000000000842,18.70309460000135
7009,False,1.3888494125347561,flat,3.002259711310757,2.0,0.003704561437926247,False,0.0011093904981485797,0.3062160626501109,"[-0.0019103608189189815, 0.00040117677719075993]",2.4242027727244686,transfer,True,False,"[-0.002721305748621014, -0.001291827332425942]",True,False,9.210000000000829,17.46447910007555
7010,False,0.9201417118956599,flat,3.2247470567356133,2.0,0.005890750834712826,False,0.0020147201340962873,0.305602212651479,"[0.0006142473004193737, 0.001530932486644228]",4.6164824842168635,transfer,True,False,"[-0.004010434240030487, -0.0023283936424432247]",True,False,9.120000000000804,17.690276199951768
7011,False,0.36300400372383546,flat,3.1952834692626686,2.0,0.0044351346464337315,False,0.0007638646749817679,0.30577646186196183,"[0.0015113901033130144, -0.0015285694216659984]",3.4727173668488125,transfer,True,False,"[-0.0035135471831778922, 0.003421960467749785]",True,False,9.134000000000809,18.280591000104323
7012,False,0.8233897222797147,flat,3.2811345801941045,2.0,0.005087740260989395,False,0.0004876498518376765,0.30588971816940536,"[-0.0024160895148927857, -0.0009468994449416761]",3.2435842095956655,transfer,True,False,"[0.0015151173900756335, 0.0024532132927727883]",True,False,9.120000000000804,20.907772700069472
7013,False,0.6770344304020124,flat,3.2465928943383497,2.0,0.003861673324022466,False,0.00012672450999326457,0.30555531372951084,"[-0.0022337020301042626, -0.0012838064313426992]",0.4070499112941637,transfer,True,False,"[0.00020126461505798964, 0.0020242565139976646]",True,False,9.126000000000808,16.441060799988918
7014,False,6.281330317927151,misaligned,3.1857047250402033,2.0,0.004248408656244771,False,0.0025989007754346344,0.30623630316128914,"[-0.002457783793379266, -0.000670896919332546]",2.5796790965683156,transfer,False,False,"[-0.001716378298456783, 0.001265637538715014]",False,False,9.220000000000836,16.285905699944124
7015,False,1.096876055976163,flat,3.2244437963084516,2.0,0.004223460505700317,False,0.0012766547488642088,0.305327663484678,"[0.0005820717767040172, 0.0025878145107294808]",2.283732349955643,transfer,True,False,"[0.00300747592075382, 0.0026563103112534456]",True,False,9.222000000000838,16.98128159996122
7016,False,1.2502904971531565,flat,3.026461350950189,2.0,0.005287819780688059,False,0.0012411040284081992,0.306089257641351,"[-0.0015742911975937344, -0.0007264159371244837]",4.980118744882787,transfer,True,False,"[-0.00010478719345118839, 0.0003832442873514389]",True,False,9.220000000000836,16.218288099975325
7017,False,0.9402193431833826,flat,3.2377983475125185,2.0,0.0038163357492318737,False,0.0004505018745600692,0.30623559119518085,"[-0.0015097103474903128, 0.0005033303375166497]",2.285329348465502,transfer,True,False,"[0.004268011706934716, -4.3838517280674e-05]",True,False,9.216000000000838,19.8657644999912
7018,False,1.6456797698852526,flat,3.1634061933441857,2.0,0.005633316236167073,False,-0.00029064948146168,0.3059221021566305,"[0.0015795733027921793, -0.0017116607250180476]",3.322457468312968,transfer,True,False,"[0.002956646205198333, -0.0003408705637061782]",True,False,9.214000000000834,17.49902599991765
7019,False,1.274888202791383,flat,3.0934017866552543,2.0,0.00373290336030359,False,0.0017975734903467877,0.306132492708322,"[0.00018271812148498975, 0.0022811007882933216]",1.9107549964609325,transfer,True,False,"[-0.0008478785431065202, -0.0018027962595471914]",True,False,9.214000000000834,21.4281278999988
7020,False,0.3793197226065475,flat,3.051545618505897,2.0,0.0036273945428054884,False,0.0010428856500009631,0.3057818911544885,"[-0.0005494911621639805, -0.0014384335392891665]",4.648013016722725,transfer,True,False,"[-0.000352189552031782, -0.0049195406093198]",True,False,9.108000000000798,18.50317289994564
7021,False,0.5913228732831263,flat,3.0046927288086787,2.0,0.0041826579942502535,False,0.001367089889186754,0.30616514269856676,"[0.0006309311794147711, -0.0001578630197762301]",5.596765734662921,transfer,True,False,"[-0.0006937377682012387, 0.0021199558860232003]",True,False,9.1180000000008,16.4094921000069
7022,False,0.565820890776887,flat,3.1577948116028507,2.0,0.004437750434634376,False,0.0027674389177050063,0.3058088068229381,"[-0.0004211701244210846, 0.00014579008151254213]",3.3854781241502527,transfer,True,False,"[0.0033381027154994543, 0.003516747603342415]",True,False,9.120000000000802,15.74180920002982
7023,False,0.2944512122522385,flat,3.15997819733441,2.0,0.0031362897500855492,False,-0.00020624181585118806,0.3057895065754268,"[-0.00039366590779345306, -0.0028215093721291064]",5.2854254288804885,transfer,True,False,"[0.00026448304946295525, -0.00355850039663431]",True,False,9.216000000000838,16.584330100100487
7024,False,0.8037860396111088,flat,3.084897449001138,2.0,0.00399457990233093,False,0.0014048735933868545,0.3055247211283252,"[-0.0008775270320786984, -0.0008109205355228353]",4.351979871936445,transfer,True,False,"[-0.0027110399067384917, -0.00012826112284236108]",True,False,9.1160000000008,16.527474500006065
7025,False,0.45554425991016195,flat,3.250128606406529,2.0,0.00397215032881246,False,0.0019547419158449236,0.3061390148775045,"[0.002150965507775689, -0.0019189264744869652]",1.9614614353600541,transfer,True,False,"[0.002904805961126576, -0.0037754329546720857]",True,False,9.216000000000838,16.77898920001462
7026,False,0.4419567381146469,flat,3.044351089020986,2.0,0.006167033879117314,False,0.0004373410960357982,0.3056900518331851,"[0.0024864885715872613, 0.0010816235539458361]",4.408840896331138,transfer,True,False,"[0.003615313730882911, -0.00304091659282508]",True,False,9.106000000000796,15.899820000049658
7027,False,1.0443006888406512,flat,3.1264880977872282,2.0,0.0040032483348705905,False,-2.95495946513874e-05,0.3061456704901433,"[-0.0012999350173303291, 0.0012018147750093744]",5.4313015037778705,transfer,True,False,"[-0.002187579333888458, 0.003645178970546938]",True,False,9.122000000000801,18.807883400004357
7028,False,1.0679472974408695,flat,3.1584164511801838,2.0,0.003743835686094221,False,0.0018098070154633217,0.3054111902494716,"[-0.0011665855437411393, -0.0004842319906056002]",1.0229843201808682,transfer,True,False,"[-0.0002428101086253306, -0.003775743224859203]",True,False,9.106000000000797,16.389099700027145
7029,False,0.5428883669049724,flat,3.022211583684138,2.0,0.004432679713476386,False,0.0021347671371671484,0.30586697396621787,"[-0.0020603558592276086, -0.0008526964416062863]",1.215922856642344,transfer,True,False,"[0.0019640485067328344, -0.003519440098611688]",True,False,9.108000000000798,17.2193985999329
7030,False,0.3513751753484969,flat,3.1202422456700973,2.0,0.0037734421472516142,False,0.0015960916085674959,0.3055906708679501,"[0.000576102755726071, 0.0008124962418659757]",4.4289647397372605,transfer,True,False,"[0.0025179766710799064, 0.0013362030150990513]",True,False,9.116000000000799,16.88657700002659
7031,False,2.12613137123547,flat,3.2128368879452314,2.0,0.0038658683270221513,False,0.0019700467120045,0.30604296443832446,"[-0.001624940338950887, 0.0006178998240632471]",6.237727948260494,transfer,True,False,"[-0.0015522596579539006, 0.0035507572432032087]",True,False,9.120000000000802,17.199966000043787
7032,False,0.480809780227434,flat,3.2804329009570767,2.0,0.004571069822309821,False,0.0030314125993597535,0.3052905132500561,"[0.00022292261913538366, -0.0026751257479075037]",0.9519333591868723,transfer,True,False,"[-0.0038472814106415647, -0.0002223350757424088]",True,False,9.232000000000843,19.267760300077498
7033,False,1.7291376046094422,flat,3.204236458827508,2.0,0.0032606944125669318,False,0.0008251779005426924,0.3056698086423726,"[-0.000497169529660735, 0.0004310850394276609]",4.698878977311708,transfer,True,False,"[-0.0016042218927480977, -0.0018694251432220953]",True,False,9.210000000000832,16.67276889993809
7034,False,0.7145704288579088,flat,3.1758427345795064,2.0,0.0034651406684988962,False,0.0013677854970584047,0.30529353228654355,"[-0.0016760735318438417, -0.00031595188006869606]",4.048108840772382,transfer,True,False,"[0.00391868172081673, -0.0010753997122824033]",True,False,9.216000000000836,18.435216399957426
7035,False,0.45648621611241097,flat,3.128048231661547,2.0,0.004939801430866256,False,0.001300207893102992,0.3054628223549294,"[-0.0009296180504421296, 0.0021836824013543614]",4.421046166603895,transfer,True,False,"[0.0026401860737545503, -0.0014679435589503812]",True,False,9.106000000000796,16.62093370000366
7036,False,0.3652049095012917,flat,3.1237877973495634,2.0,0.004063896861371793,False,0.001047598776575745,0.30554407173633,"[0.0016355364138570946, 0.0011646151267457295]",2.577496795271231,transfer,True,False,"[-0.002210268649781731, -0.0019075365387447778]",True,False,9.212000000000831,16.754943699925207
7037,False,1.1254138216572436,flat,3.107773451885065,2.0,0.006879421418977292,False,0.003187632021109041,0.30580639238404483,"[0.001563271259325104, -0.0007398474212861372]",2.950965612684998,transfer,True,False,"[0.001914389550913823, 0.00033568382171221686]",True,False,9.222000000000838,15.781297500012442
7038,False,0.5245161898779909,flat,3.154592422460052,2.0,0.003649818811304348,False,0.0017931155325816989,0.3054838176837382,"[3.5400577017237308e-06, 0.0007795720209595894]",4.232224263163859,transfer,True,False,"[-0.000623652226074332, -0.002327637974400375]",True,False,9.212000000000833,16.075678599998355
7039,False,1.0765976890365556,flat,3.0112334376539556,2.0,0.003296964136200119,False,-0.00042307624326803905,0.3054008599036706,"[-0.0010990540074742974, -0.0002678198423997316]",0.8763744497863494,transfer,True,False,"[-0.0011465453036643063, 0.00027222148691012876]",True,False,9.214000000000832,20.21328920009546
7040,False,1.1207078566682613,flat,3.264457498728351,2.0,0.0038647823210201885,False,0.0001570281516986155,0.3060355491811162,"[0.0014200830575436597, -0.002467225323107573]",5.307425446155786,transfer,True,False,"[-0.003271992321042507, -0.00331118604943245]",True,False,9.120000000000804,16.645891200052574
7041,False,0.2721708522282497,flat,3.15782210246101,2.0,0.004960928142631037,False,0.0028037323564020916,0.30616151214837295,"[0.0008848200456181255, -0.002712824739584478]",1.8740892969956946,transfer,True,False,"[-0.004531977119791088, -0.0001368742472593892]",True,False,9.230000000000842,17.364667000016198
7042,False,0.8189225082934435,flat,3.2561827955289884,2.0,0.003772450310962821,False,0.0003930855477455447,0.30615357245267205,"[-0.0016497230758642878, 0.002430346969992309]",2.2976690595445906,transfer,True,False,"[0.0012881654616395607, -0.0027737454954369803]",True,False,9.210000000000834,17.22472940001171
7043,False,0.3850481673197194,flat,3.0999489896137504,2.0,0.005576646143277876,False,0.00028256130431801585,0.30586520950584006,"[0.002347118083277564, -0.0007050075429739067]",5.464927817023853,transfer,True,False,"[-0.00026187423888708583, -0.00424628251584255]",True,False,9.110000000000799,16.79314510000404
7044,False,0.7999793325614741,flat,3.2066202669628163,2.0,0.0063207922299873395,False,0.0013125902753666208,0.3061542386496807,"[0.0007081112642369949, -0.0012565366756295381]",5.129594622780965,transfer,True,False,"[0.0003111768891781548, -0.004111507018459459]",True,False,9.218000000000838,16.054078200017102
7045,False,1.6229351541387338,flat,3.1038623830941474,2.0,0.004081273703721984,False,0.0019783204332837756,0.30617123387877143,"[-0.00166097513610716, -0.001952085707446434]",5.628923175759347,transfer,True,False,"[0.0027197096041871108, -0.0038370890397911453]",True,False,9.20400000000083,15.448387400014326
7046,False,0.24065578849723535,flat,3.277519115956384,2.0,0.0036987073102779057,False,0.0014781967402517637,0.30591523413714405,"[-0.001996510107607732, 0.0008836458691938188]",2.8632015775541824,transfer,True,False,"[-0.0005075254376739643, -0.003863761272993937]",True,False,9.214000000000837,16.003198099904694
7047,False,1.0653924208848582,flat,3.1533388713450874,2.0,0.004217457749215594,False,0.0024926802295668904,0.3061798038319852,"[-0.001226344203840573, 0.0006247027269716376]",5.855249582871407,transfer,True,False,"[0.004134252817497206, -0.0017293260272634647]",True,False,9.210000000000834,14.807985099963844
