seed,air_pocket,centroid_offset_mm,defect,expert_grasp_angle,expert_perturb_mode,expert_place_offset,expert_release_height,expert_slack,expert_sweep_time,expert_tilt0,flatness_mm,fold,max_lift_mm,max_stretch_pct,on_target,overhang,relabelled,success,tear
2000,True,29.297382146583463,bubble,3.072307828461029,steep,,,1.0263458501471094,,1.2379693694657772,1.0003448280140068,False,2.955480073392391,0.921782300169327,False,True,True,False,False
2001,False,2.187092389881831,flat,3.0928087537251203,slack,,,0.49069126636684957,,,0.004472373227071861,False,-0.10731856822967546,0.3055779567104011,True,False,True,True,False
2002,False,0.41131559910184823,flat,3.037229397835936,flat,,,,,0.23468724839117663,0.0038952097885868423,False,-0.1069534897804262,0.3057139794905517,True,False,True,True,False
2003,False,37.61693416219847,misaligned,3.0341860004425993,steep,,,1.004716682868809,,1.4078199465814862,1.8774107999952634,False,0.826394711434841,1.0296707970585128,False,True,True,False,False
2004,True,4.582552631870244,bubble,3.007412854750386,fast,,,,0.8382087157698555,,1.1224627659920736,False,3.3374890357255933,0.8021744243402074,False,False,True,False,False
2005,False,1.1382354985695198,flat,3.1691000985737676,fast,,,,0.9463756148268604,,0.004559145346061805,False,-0.10660796910524385,0.30585468963892914,True,False,True,True,False
2006,False,2.554521925326991,flat,3.2795250864757417,fast,,,,0.7275939419468392,,0.003315124161313111,False,-0.1082294017076494,0.3058080481424641,True,False,True,True,False
2007,False,0.4908504366969899,flat,3.174113338769008,slack,,,0.5908700071168685,,,0.004189810268456226,False,-0.10802637338638323,0.30583119140878967,True,False,True,True,False
2008,False,0.36212935355346326,flat,3.222441553539052,slack,,,0.6396344868600147,,,0.004179202659605872,False,-0.10745081603527086,0.305624232002466,True,False,True,True,False
2009,False,0.32438845617250367,flat,3.0464099425040403,slack,,,0.6654707339652567,,,0.004024485677010016,False,-0.1074713051319124,0.3056103316174452,True,False,True,True,False
2010,False,1.464818097857178,flat,3.1410764072402544,slack,,,0.474680343409898,,,0.004330217826392995,False,-0.10810553580522554,0.3056956738113348,True,False,True,True,False
2011,True,42.37904792286388,bubble,3.1073620670767284,steep,,,1.0569674135911744,,1.3433174254517135,10.159565233676775,False,6.566665661334992,0.8665173338612941,False,True,True,False,False
2012,False,1.2599483634886501,flat,3.2294228194162677,slack,,,0.5103247565798781,,,0.003531039242261937,False,-0.10749365687370317,0.30607468222154655,True,False,True,True,False
2013,False,9.492385415323067,misaligned,3.1570003511171936,offset,"(-0.008218409319561195, 0.006258915944903519)",,,,,0.004183705669481791,False,-0.10702054500579851,0.3056403218573811,False,False,True,False,False
2014,False,0.7177195481027968,flat,3.289089709020105,flat,,,,,0.17535597439465875,0.005803928240375469,False,-0.10645243823528307,0.30587719907482214,True,False,True,True,False
2015,False,1.5313610954140076,flat,3.030651399735373,fast,,,,1.09191303731826,,0.004922240923691573,False,-0.10697118490934389,0.3061889756824643,True,False,True,True,False
2016,False,2.039960503087517,flat,3.2760451031597646,slack,,,0.6782516344614835,,,0.004223393089355406,False,-0.10738469213247316,0.3062066916285522,True,False,True,True,False
2017,False,7.401780604296266,misaligned,3.2185710914425534,fast,,,,0.6624040981740511,,0.0036661375652678745,False,-0.10660517513752,0.3061132007423195,False,False,True,False,False
2018,False,0.7093234647924175,flat,3.0465193220445865,flat,,,,,0.06661921683423591,0.0036626515844926655,False,-0.1077236935496332,0.3057646273563419,True,False,True,True,False
2019,False,1.4554267556554388,flat,3.120812956821508,fast,,,,0.9214324636286976,,0.003995344715234271,False,-0.10687991529703157,0.3057700631537097,True,False,True,True,False
2020,False,17.35340086207185,misaligned,3.256091738508861,offset,"(-0.009007803346514466, -0.015429857068220998)",,,,,0.005941316140241572,False,-0.11293816864490526,0.3059636276607103,False,False,True,False,False
2021,False,1.6204984820555022,flat,3.0022468139875613,flat,,,,,0.07887148597281286,0.004759409847387234,False,-0.10670017004013078,0.3058630605192958,True,False,True,True,False
2022,False,1.7931434085812759,flat,3.218139986922682,slack,,,0.530505072842649,,,0.003934470304053885,False,-0.1069357946515085,0.30532788922270626,True,False,True,True,False
2023,False,1.937629246053166,flat,3.155447297133689,flat,,,,,0.23471009170618376,0.004362335589780175,False,-0.10714347958564775,0.3056964608149082,True,False,True,True,False
2024,True,6.375340962045017,bubble,3.0342621981738085,early,,0.012511668791723513,,,,1.6718317757550805,False,3.9052698433399198,0.714492285696644,False,False,True,False,False
2025,False,42.363225946958636,misaligned,3.0147601622477835,steep,,,1.0973857562066422,,1.2965592695448405,3.6486375663190533,False,0.6473796114325522,1.3703584449439976,False,True,True,False,False
2026,False,0.9769680131707108,flat,3.2287481273457725,slack,,,0.578788424080588,,,0.005111794434352231,False,-0.1079043701291086,0.30584279081373733,True,False,True,True,False
2027,True,4.280390171635098,bubble,3.2032211566173916,offset,"(0.0016317656132821745, -0.0012338548498582646)",,,,,1.0711563055394835,False,3.2684100463986394,1.1489380341101585,False,False,True,False,False
2028,False,0.9907672919525993,flat,3.1114668012631572,steep,,,1.0035381159015029,,1.240956466918158,0.003799172404001986,False,-0.10852183699607866,0.3061692847666331,True,False,True,True,False
2029,False,4.986960656894636,misaligned,3.0749438983794835,offset,"(-0.003328607232832588, 0.003896664502170331)",,,,,0.0024921105262697726,False,-0.10838958919048326,0.30546738924419614,False,False,True,False,False
2030,False,0.6187462541657429,flat,3.1127811784980737,flat,,,,,0.18371678443988715,0.0035587919864922047,False,-0.10737258493900316,0.3057797576314192,True,False,True,True,False
2031,False,0.9857863279105331,flat,3.2232504832810656,early,,0.006831086865189483,,,,0.005356344988617997,False,-0.10592624098062532,0.3054345826732696,True,False,True,True,False
2032,False,1.1905963869322764,flat,3.0640887104412307,slack,,,0.5661322342274043,,,0.0058612762586529804,False,-0.10743777751922624,0.3054626604332755,True,False,True,True,False
2033,True,6.770481479720428,bubble,3.0161552773582105,steep,,,1.238055478236139,,1.2685989474510522,1.01171278212335,False,3.311723996698856,1.0943701563892905,False,False,True,False,False
2034,False,7.109563132516049,misaligned,3.215934185384418,offset,"(-0.007502872866208728, -0.0020760602123965134)",,,,,0.004505881956604181,False,-0.10736606568098085,0.3057471627599062,False,False,True,False,False
2035,False,1.215551668224396,flat,3.1357659557689694,fast,,,,0.8373032786208312,,0.004014207228363577,False,-0.10746944248676317,0.3055862319047753,True,False,True,True,False
2036,False,2.058505508444635,flat,3.2485465814512917,slack,,,0.6444545904008053,,,0.0046424682691938385,False,-0.10657816678285616,0.30585686492461406,True,False,True,True,False
2037,True,12.176954093284204,bubble,3.0076398565681326,steep,,,1.1492767661427856,,1.2843511802630436,1.2101903137525385,False,3.8955319344997403,0.6719758582206303,False,False,True,False,False
2038,False,13.467356782857273,misaligned,3.141687527526304,fast,,,,0.6061193360955736,,0.004705831103563378,False,-0.10469503253698366,0.3056927039229773,False,False,True,False,False
2039,False,1.6040288210005282,flat,3.2319254637798442,flat,,,,,0.17743654561013017,0.005314409749668344,False,-0.10713882297277467,0.30537392704517163,True,False,True,True,False
2040,False,0.7767059262883202,flat,3.1623562434806805,fast,,,,1.133355279263456,,0.004465308079324985,False,-0.10687432736158388,0.30573653858370076,True,False,True,True,False
2041,True,24.49846800639653,folded,3.2393037800906734,steep,,,1.2444670117444827,,1.248396098447328,3.3962157819143024,True,11.46386895775795,0.7377712631987832,False,True,True,False,False
2042,True,11.37427711104833,bubble,3.2734243097114764,steep,,,1.1143615364929864,,1.405443026925538,4.900071625319251,False,15.944471177458764,0.6286796440492237,False,False,True,False,False
2043,False,10.24465341151397,misaligned,3.158349642004482,offset,"(0.004574948604917047, 0.007646504545807615)",,,,,0.0037996724670793787,False,-0.1048840910196306,0.3057937758423446,False,False,True,False,False
2044,False,9.405116227245905,misaligned,3.190497021975894,early,,0.015747791693711172,,,,0.004331630162759028,False,-0.10540283769369142,0.305796151954274,False,False,True,False,False
2045,True,17.53872109432546,bubble,3.0235456776400262,slack,,,0.5120050680317232,,,1.900662533769247,False,1.8151212155818937,1.170116059324422,False,False,True,False,False
2046,False,18.110887393735048,misaligned,3.0080792796530824,steep,,,1.1978148007849359,,1.288400104268014,0.41941065573121167,False,0.446969237923622,1.00204273784823,False,False,True,False,False
2047,False,2.035719564511242,flat,3.1822919345886502,fast,,,,0.8569964949220932,,0.004686249228238636,False,-0.10683521181345003,0.3055200142194847,True,False,True,True,False
2048,False,2.086609674068897,flat,3.0161296933468247,fast,,,,1.1782619248366553,,0.0049435753287859156,False,-0.1066349774599077,0.30608464305881267,True,False,True,True,False
2049,False,47.37497513223197,misaligned,3.282155146701365,steep,,,1.0244709453269882,,1.2652363746767978,3.369128106540205,False,-439.38644270896907,0.40597122414518516,False,True,True,False,False
2050,True,10.756256738653821,bubble,3.237840954575932,fast,,,,0.574990069485003,,1.2857746543245048,False,4.41694777905941,0.6778158066746087,False,False,True,False,False
2051,False,2.386850539832356,flat,3.136846710214844,flat,,,,,0.1850422008752842,0.0036425915716613373,False,-0.108097153902054,0.30535664505833005,True,False,True,True,False
2052,False,1.6581360433394514,flat,2.99554902097822,slack,,,0.6933337620635402,,,0.004433011693943545,False,-0.10714347958564775,0.3060575440954283,True,False,True,True,False
2053,False,0.14075912330252754,flat,3.2193492110840927,flat,,,,,0.20799240701806163,0.003954326377954525,False,-0.10788760632276552,0.3056809671367233,True,False,True,True,False
2054,False,46.522470076290254,misaligned,3.2795985723838803,steep,,,1.2319904534182091,,1.335133919308669,12.405098364685113,False,5.060912635922432,0.9671029519381591,False,True,True,False,False
2055,False,0.2076607376189822,flat,3.0921999042289654,flat,,,,,0.16107341786766396,0.004794608169154702,False,-0.10724685639143007,0.3055756702857515,True,False,True,True,False
2056,False,18.476205844020413,misaligned,3.0359819129365713,steep,,,1.0401660560581882,,1.371352863775925,0.004224602122187428,False,-0.10576605349779146,0.30602287155350183,False,False,True,False,False
2057,False,4.169070740852529,misaligned,3.227716323314667,fast,,,,0.7784667810159984,,0.0038822146069906354,False,-0.1066712990403177,0.30569601558718684,False,False,True,False,False
2058,False,0.2508297728832401,flat,3.100881842706454,flat,,,,,0.2516914167743108,0.004858498000257585,False,-0.10694324523210542,0.3058072189437766,True,False,True,True,False
2059,False,0.8847212584939889,flat,3.2369097790433092,slack,,,0.46594535797793707,,,0.006164263079509899,False,-0.1074768930673601,0.3061551215453262,True,False,True,True,False
2060,False,15.216424484154212,misaligned,3.12524904944985,offset,"(0.010003216297662243, 0.01102139817074693)",,,,,0.003723502571945297,False,-0.10502751469612139,0.3053645222881096,False,False,True,False,False
2061,True,11.216356491118589,bubble,3.227608284700628,early,,0.019530066121474957,,,,3.4671363526159227,False,11.66690659224987,0.8214566237104037,False,False,True,False,False
2062,False,5.870965243173589,misaligned,3.09230446216839,offset,"(0.0028676660903146235, -0.004269143821897947)",,,,,0.003863402815629175,False,-0.10788201838731783,0.3061612763562538,False,False,True,False,False
2063,False,4.0245663355005314,misaligned,3.284756315168497,offset,"(-0.0008169908769912114, 0.00419473337540799)",,,,,0.0033107705119623052,False,-0.10754487961530702,0.30585737628208154,False,False,True,False,False
2064,False,11.67491219967474,misaligned,3.0972574295130624,offset,"(0.002360111481076204, 0.011867028790307963)",,,,,0.00409674205006453,False,-0.10519515275955217,0.3058855969615859,False,False,True,False,False
2065,False,4.010570857294937,misaligned,3.0161449122434902,offset,"(0.0036516186720550437, -0.0004769165622452893)",,,,,0.002486465610880899,False,-0.10847713351249712,0.30577940645921675,False,False,True,False,False
2066,False,12.693709325463207,misaligned,3.138319507028355,offset,"(-0.008872008597866727, -0.007477374639564809)",,,,,0.003569191938893329,False,-0.11160730868577974,0.3058659143625242,False,False,True,False,False
2067,False,2.487130304147708,flat,3.2244139136369423,early,,0.00805518943015146,,,,0.0037099053736826906,False,-0.10778702348470705,0.30559451568170637,True,False,True,True,False
2068,False,7.475209714277239,misaligned,3.0162058101232634,slack,,,0.5028703554955721,,,0.003207591741308368,False,-0.10761100351810472,0.30600493126711203,False,False,True,False,False
2069,False,8.504209429862811,misaligned,3.16263188845265,offset,"(0.008140006381557416, 0.0012944383117349176)",,,,,0.002651220736531433,False,-0.10838772654533403,0.3059538797288708,False,False,True,False,False
2071,False,2.16455335463679,flat,3.2563887866614816,early,,0.008835933234079638,,,,0.004170974657768774,False,-0.10750669538974779,0.305640044414468,True,False,True,True,False
2073,False,1.7366156943989737,flat,3.0209001612781274,flat,,,,,0.12767312950523088,0.00462145256207683,False,-0.1066526725888254,0.3058340950328198,True,False,True,True,False
