seed,air_pocket,centroid_offset_mm,defect,flatness_mm,fold,grasped,max_lift_mm,max_stretch_pct,off_dx_mm,off_dy_mm,on_target,overhang,released,steps,success,tear,transfer_time_s,wall_s
50000,False,1.840693929573745,flat,0.0034191265381572954,False,True,0.0015928205669007989,0.305711824060273,-0.12097563511676013,-1.8367141960788924,True,False,True,206,True,False,15.0,35.1
50001,False,1.5686725931011514,flat,0.004103393238578675,False,True,0.0036135697901659714,0.3057688786406665,1.3295502350846866,-0.8324841600492738,True,False,True,203,True,False,14.9,34.2
50002,False,3.239015652185375,misaligned,0.003951834739560924,False,True,0.0017672687447570917,0.30568577890552895,1.5006266183897332,-2.8704254296675336,False,False,True,206,False,False,15.1,36.2
50003,False,1.6089848295947655,flat,0.004331709711789265,False,True,0.003619966477960007,0.30589101403599717,-1.5304556210787856,-0.4965257030350445,True,False,True,198,True,False,14.9,34.1
50004,False,2.04697260757214,flat,0.003503003745949502,False,True,0.0020752165569883074,0.30569661184256525,1.5713926872438222,-1.3118010057273644,True,False,True,212,True,False,15.6,43.0
50005,False,2.432535625739109,flat,0.00423271505571039,False,True,0.003357570265502194,0.3057643495204543,-0.720472885382184,-2.323391570940858,True,False,True,199,True,False,15.1,34.3
50006,False,3.080020824320926,misaligned,0.0032496194118127523,False,True,0.0019406318574107656,0.30575466619526814,1.800588407395276,2.498881682954257,False,False,True,223,False,False,16.5,46.0
50007,False,4.3037627958119495,misaligned,0.00320405825728912,False,True,0.0022560926710851748,0.3055929093193299,3.9491070861017996,-1.7108265327366312,False,False,True,210,False,False,14.2,37.9
50008,False,0.3414853153560212,flat,0.004549025720734881,False,True,0.004491461500289937,0.3057571895081157,-0.3389238689258667,0.04174723555067095,True,False,True,218,True,False,14.9,37.8
50009,False,1.6459889525735802,flat,0.005686481041271509,False,True,0.0029869484914832323,0.3057203039354084,1.0171655395937451,1.2940841924145574,True,False,True,201,True,False,15.1,36.0
50010,False,2.7357420628673017,flat,0.003958052665782556,False,True,0.0035059174444355273,0.30571387991482624,-1.4982582893807161,2.2889968835372865,True,False,True,203,True,False,15.0,32.5
50011,False,3.459165792251838,misaligned,0.003559662538667962,False,True,0.0017971653819091188,0.3057314457831417,-3.250466111303585,-1.183341893770451,False,False,True,210,False,False,15.3,37.9
50012,False,1.8813819691589289,flat,0.004149588298087128,False,True,0.0023478663825279855,0.30574688820188545,1.3757591160042937,-1.2833101607200859,True,False,True,216,True,False,15.6,36.3
50013,False,0.7489188939334501,flat,0.003406944815906058,False,True,0.002034305182486637,0.3057949147601047,-0.7448272858415206,-0.078178155238251,True,False,True,208,True,False,15.2,35.9
50014,False,3.5767122278559804,misaligned,0.0038773737880979675,False,True,0.003418417303880511,0.30575720160790354,-1.5688173917870474,3.2142934452412675,False,False,True,216,False,False,16.0,37.5
50015,False,0.1336508398079362,flat,0.003913903072031444,False,True,0.0021912552705307536,0.30579142760438494,-0.13359597932111056,-0.0038290064768853327,True,False,True,198,True,False,14.9,34.9
50016,False,2.8269090713080898,flat,0.005677842853988702,False,True,0.0012792383761953824,0.3056270289561347,0.856143762549777,-2.694147871830921,True,False,True,203,True,False,15.2,37.1
50017,False,4.7918984549165975,misaligned,0.0038713500470958203,False,True,0.002109712733577157,0.305720360254913,-4.639134542093137,-1.2003005884320683,False,False,True,210,False,False,15.4,45.7
50018,False,1.130949234545074,flat,0.0038506462088618,False,True,0.0027848731940730703,0.3057390383657266,0.24623543828505845,1.1038180466230174,True,False,True,216,True,False,15.6,38.5
50019,False,0.3632894736800883,flat,0.005028600215781448,False,True,0.0032192629802647865,0.3057375343991975,0.34188741042046056,0.1228504793753249,True,False,True,204,True,False,15.0,36.4
50020,False,2.551216499151917,flat,0.0033763223855301696,False,True,0.0027062330206842344,0.30569488647418375,2.508163597079116,0.46671296942779605,True,False,True,197,True,False,14.9,35.8
50021,False,3.7882827887193415,misaligned,0.004216922303543626,False,True,0.0028603109551855743,0.30568278414726535,-0.5778605354461175,-3.7439502786336676,False,False,True,207,False,False,15.1,44.2
50022,False,1.4106260544332299,flat,0.0045359992267629285,False,True,0.0034117757719658026,0.30576003841944477,1.2120178994923236,0.721719112090069,True,False,True,205,True,False,14.3,35.6
50023,False,1.028395836791427,flat,0.0028224764951344152,False,True,0.0014988084021672066,0.3057313994382804,1.0036025711785412,-0.2244546195865893,True,False,True,220,True,False,15.2,37.9
50024,False,2.425311855174299,flat,0.004767386429529528,False,True,0.0009459417815473048,0.3057475475909621,1.1784376024588372,2.119769424244078,True,False,True,204,True,False,15.5,36.4
50025,False,4.219870955407155,misaligned,0.003724433512191484,False,True,0.0027301722255474586,0.30571264227892136,-3.4160540544719287,2.477475646139593,False,False,True,202,False,False,14.7,38.6
50026,False,2.968102590572875,flat,0.00366312684807667,False,True,0.0023786506488775866,0.3057372116070045,-2.9612432523475896,0.20167148680783065,True,False,True,205,True,False,15.2,35.4
50027,False,4.403290080773794,misaligned,0.002723203235048638,False,True,0.0016753805063378369,0.3057254521938946,4.376198485225191,-0.4876990397300607,False,False,True,200,False,False,14.5,36.2
50028,False,3.5540506524387294,misaligned,0.004287320802674645,False,True,0.0043653573474668195,0.30572209597532485,2.6071481658459517,2.4153787449230912,False,False,True,216,False,False,14.6,33.7
50029,False,0.8978895515841083,flat,0.004003410654663263,False,True,0.0027736449571044014,0.30562401101104086,-0.8915550105341175,0.1064674130211718,True,False,True,202,True,False,15.1,30.3
